{"number_episodes": 2, "episode_rewards": [572.2999999999219, 11.399999999860922], "mean_all_episodes": 291.8499999998914, "std_all_episodes": 280.45000000003046}