{"number_episodes": 3, "episode_rewards": [572.2999999999219, 11.399999999860922, 689.1999999999421], "mean_all_episodes": 424.2999999999083, "std_all_episodes": 295.83915675022973}