{"number_episodes": 4, "episode_rewards": [572.2999999999219, 11.399999999860922, 689.1999999999421, 447.7999999998844], "mean_all_episodes": 430.17499999990235, "std_all_episodes": 256.4062243297051}