{"number_episodes": 1, "episode_rewards": [572.2999999999219], "mean_all_episodes": 572.2999999999219, "std_all_episodes": 0.0}