{"number_episodes": 1, "episode_rewards": [696.7999999999466], "mean_all_episodes": 696.7999999999466, "std_all_episodes": 0.0}